{"cameraMode":{"drawMode":0,"name":"Shaded","section":"Shading Mode"},"sceneLighting":false,"audioPlay":false,"sceneViewState":{"showFog":true,"showMaterialUpdate":false,"showSkybox":false,"showFlares":true,"showImageEffects":true,"showParticleSystems":true},"in2DMode":false,"pivot":{"x":968.7360229492188,"y":541.0380859375,"z":-19.80572509765625},"rotation":{"x":-0.022797906771302224,"y":0.029085254296660425,"z":-0.0006634400342591107,"w":-0.9993182420730591},"size":113.0118637084961,"orthographic":false}